epoch,train_loss,train_accuracy,val_loss,val_accuracy
1,1.0530491261123922,0.6450505780346821,0.5437819143749019,0.8226872246696035
2,0.46158901993938956,0.8383309248554913,0.30453863739967346,0.8953744493392071
3,0.3366285867429193,0.8809609826589595,0.30692902913046305,0.8964757709251101
4,0.2605016954200116,0.9049855491329479,0.26240659946583966,0.8964757709251101
5,0.23423531617043336,0.9132947976878613,0.24250555543089491,0.9190528634361234
6,0.21248285041723639,0.9190751445086706,0.35017043117039925,0.9085903083700441
7,0.19237271140765594,0.9277456647398844,0.311210954155658,0.9085903083700441
8,0.18607441723518978,0.9248554913294798,0.25113685762238924,0.9245594713656388
9,0.16549145370032747,0.9342485549132948,0.3166110624440244,0.9140969162995595
10,0.17474465528664562,0.9286488439306358,0.31117935639719935,0.9124449339207048
11,0.16313912926209456,0.9356936416184971,0.27450958247776536,0.9262114537444934
12,0.15849109549570634,0.9353323699421965,0.3137755397161559,0.9102422907488987
13,0.16018134023929606,0.9337066473988439,0.3226044495838247,0.9063876651982379
14,0.14816034232088596,0.9412933526011561,0.2764940306355578,0.9124449339207048
15,0.15035097774742656,0.9391257225433526,0.14892434625217635,0.9427312775330396
16,0.160654692549926,0.9360549132947977,0.32267369290132747,0.9168502202643172
17,0.14454524942560693,0.9389450867052023,0.28137897833102765,0.9174008810572687
18,0.14394064170087692,0.9369580924855492,0.3729927930683472,0.887114537444934
19,0.14116896684631447,0.9402095375722543,0.32601048712698655,0.9124449339207048
20,0.1426971376889703,0.9385838150289018,0.17839899341091678,0.926762114537445
21,0.14772439063284437,0.9375,0.37999645258671305,0.9091409691629956
22,0.14310709163115892,0.940570809248555,0.3247018555422326,0.9030837004405287
23,0.13256825722021864,0.9436416184971098,0.2967256822075596,0.9322687224669604
24,0.1344294896876881,0.942557803468208,0.3201796503625769,0.9240088105726872
25,0.1340411593545379,0.9421965317919075,0.32404823554166906,0.9185022026431718
